company_id,year,peer_group_name,is_benchmark,broad_sector,sub_sector,market_cap_category,index_weight_pct,peer_source,analysis_group,peer_group_size,peer_composite_score,peer_overall_rank,peer_overall_percentile,peer_position,metrics_available_for_score,id,net_profit_margin_pct,operating_profit_margin_pct,return_on_equity_pct,return_on_capital_employed_pct,return_on_assets_pct,debt_to_equity,high_leverage_flag,interest_coverage,icr_label,icr_warning_flag,net_debt,asset_turnover,free_cash_flow_cr,cash_from_operations_cr,cfo_pat_ratio,cfo_quality_label,capex_cr,capex_intensity_pct,capex_intensity_label,fcf_conversion_rate_pct,earnings_per_share,book_value_per_share,dividend_payout_ratio_pct,total_debt_cr,revenue_cagr_3yr,revenue_cagr_3yr_flag,revenue_cagr_5yr,revenue_cagr_5yr_flag,revenue_cagr_10yr,revenue_cagr_10yr_flag,pat_cagr_3yr,pat_cagr_3yr_flag,pat_cagr_5yr,pat_cagr_5yr_flag,pat_cagr_10yr,pat_cagr_10yr_flag,eps_cagr_3yr,eps_cagr_3yr_flag,eps_cagr_5yr,eps_cagr_5yr_flag,eps_cagr_10yr,eps_cagr_10yr_flag,cfo_sign,cfi_sign,cff_sign,capital_allocation_pattern,composite_quality_score,net_profit_margin_pct_peer_percentile,net_profit_margin_pct_peer_rank,operating_profit_margin_pct_peer_percentile,operating_profit_margin_pct_peer_rank,return_on_equity_pct_peer_percentile,return_on_equity_pct_peer_rank,return_on_capital_employed_pct_peer_percentile,return_on_capital_employed_pct_peer_rank,return_on_assets_pct_peer_percentile,return_on_assets_pct_peer_rank,interest_coverage_peer_percentile,interest_coverage_peer_rank,asset_turnover_peer_percentile,asset_turnover_peer_rank,cfo_pat_ratio_peer_percentile,cfo_pat_ratio_peer_rank,fcf_conversion_rate_pct_peer_percentile,fcf_conversion_rate_pct_peer_rank,revenue_cagr_3yr_peer_percentile,revenue_cagr_3yr_peer_rank,revenue_cagr_5yr_peer_percentile,revenue_cagr_5yr_peer_rank,pat_cagr_3yr_peer_percentile,pat_cagr_3yr_peer_rank,pat_cagr_5yr_peer_percentile,pat_cagr_5yr_peer_rank,composite_quality_score_peer_percentile,composite_quality_score_peer_rank,debt_to_equity_peer_percentile,debt_to_equity_peer_rank
BHARTIARTL,2024,,,Communication Services,Telecommunications,Large Cap,1.13,Broad Sector Fallback,Broad Sector: Communication Services,2,78.57,1.0,100.0,Peer Leader,14,3423,5.706,52.2009,9.8257,23.9458,1.8565,2.5895,0,3.3055,,0,191103.0,0.3254,27809.0,78898.0,9.2192,High Quality,51089.0,34.0634,Capital Intensive,35.5196,,153.0,,225541.0,14.2328,,13.1741,,5.736,,,TURNAROUND,38.3566,,10.9816,,,INSUFFICIENT_DATA,,INSUFFICIENT_DATA,,INSUFFICIENT_DATA,+,-,-,Reinvestor,57.14,50.0,2.0,100.0,1.0,100.0,1.0,100.0,1.0,100.0,1.0,50.0,2.0,100.0,1.0,100.0,1.0,100.0,1.0,50.0,2.0,50.0,2.0,,2.0,100.0,1.0,50.0,2.0,50.0,2.0
NAUKRI,2024,,,Communication Services,Internet & Platforms,Large Cap,4.44,Broad Sector Fallback,Broad Sector: Communication Services,2,73.33,2.0,50.0,Average,15,3980,23.4621,28.0363,1.4239,2.4118,1.1856,0.0061,0,28.9714,,0,-45064.0,0.0505,-150.0,702.0,1.1798,High Quality,852.0,33.5962,Capital Intensive,-21.097,,3225.0,,256.0,31.0026,,17.1156,,16.16,,-25.1348,,0.1011,,25.7872,,,INSUFFICIENT_DATA,,INSUFFICIENT_DATA,,INSUFFICIENT_DATA,+,-,+,Shareholder Returns,85.71,100.0,1.0,50.0,2.0,50.0,2.0,50.0,2.0,50.0,2.0,100.0,1.0,50.0,2.0,50.0,2.0,50.0,2.0,100.0,1.0,100.0,1.0,100.0,1.0,50.0,2.0,100.0,1.0,100.0,1.0
INDIGO,2024,,,Consumer Discretionary,Airlines,Large Cap,3.03,Broad Sector Fallback,Broad Sector: Consumer Discretionary,3,83.33,1.0,100.0,Peer Leader,14,3770,11.8527,76.2989,856.978,5405.6526,659.1606,0.021,0,22.6126,,0,-158.0,55.6126,9424.0,21183.0,2.5937,High Quality,11759.0,17.0658,Capital Intensive,17.9256,,97.0,,20.0,67.5809,,19.3134,,20.0123,,,TURNAROUND,120.6925,,32.9317,,,INSUFFICIENT_DATA,,INSUFFICIENT_DATA,,INSUFFICIENT_DATA,+,-,-,Reinvestor,96.43,66.66666666666666,2.0,100.0,1.0,100.0,1.0,100.0,1.0,100.0,1.0,66.66666666666666,2.0,100.0,1.0,100.0,1.0,33.33333333333333,3.0,66.66666666666666,2.0,66.66666666666666,2.0,,3.0,100.0,1.0,100.0,1.0,66.66666666666666,2.0
IRCTC,2024,,,Consumer Discretionary,Travel & Tourism,Mid Cap,3.97,Broad Sector Fallback,Broad Sector: Consumer Discretionary,3,73.33,2.0,66.67,Above Average,15,3816,26.0187,34.3326,31.5356,44.0954,16.3382,0.0119,0,82.7368,,0,27.0,0.6279,667.0,882.0,0.7939,Moderate,215.0,5.0351,Moderate,45.498,,44.0,,42.0,76.4692,,17.9552,,,INSUFFICIENT_DATA,81.1163,,29.1669,,,INSUFFICIENT_DATA,,INSUFFICIENT_DATA,,INSUFFICIENT_DATA,,INSUFFICIENT_DATA,+,-,-,Reinvestor,94.29,100.0,1.0,66.66666666666666,2.0,33.33333333333333,3.0,66.66666666666666,2.0,66.66666666666666,2.0,100.0,1.0,33.33333333333333,3.0,66.66666666666666,2.0,100.0,1.0,100.0,1.0,33.33333333333333,3.0,100.0,1.0,66.66666666666666,2.0,66.66666666666666,2.0,100.0,1.0
TITAN,2024,,,Consumer Discretionary,Gems & Jewellery,Large Cap,2.38,Broad Sector Fallback,Broad Sector: Consumer Discretionary,3,45.56,3.0,33.33,Below Average,15,4256,6.8436,10.3594,35.908,18.5636,9.0043,2.2235,0,9.412,,0,19113.0,1.3157,1506.0,1695.0,0.4848,Accrual Risk,189.0,0.37,Asset Light,28.458,,110.0,,21648.0,33.1422,,20.8972,,16.6752,,53.1102,,20.2746,,16.8768,,,INSUFFICIENT_DATA,,INSUFFICIENT_DATA,,INSUFFICIENT_DATA,+,-,-,Reinvestor,63.57,33.33333333333333,3.0,33.33333333333333,3.0,66.66666666666666,2.0,33.33333333333333,3.0,33.33333333333333,3.0,33.33333333333333,3.0,66.66666666666666,2.0,33.33333333333333,3.0,66.66666666666666,2.0,33.33333333333333,3.0,100.0,1.0,50.0,2.0,33.33333333333333,3.0,33.33333333333333,3.0,33.33333333333333,3.0
BAJAJHLDNG,2024,,,Financials,Holding Companies,Large Cap,3.36,Broad Sector Fallback,Broad Sector: Financials,2,83.33,1.0,100.0,Peer Leader,15,3377,432.7262,91.7744,12.3113,12.5756,10.154,0.0008,0,3764.5,,0,-71205.0,0.0235,1469.0,1941.0,0.2635,Accrual Risk,472.0,27.7321,Capital Intensive,94.0461,,5375.0,,47.0,55.0057,,31.6123,,14.9375,,26.3188,,19.2976,,13.9923,,,INSUFFICIENT_DATA,,INSUFFICIENT_DATA,,INSUFFICIENT_DATA,+,-,-,Reinvestor,81.43,100.0,1.0,100.0,1.0,50.0,2.0,50.0,2.0,100.0,1.0,100.0,1.0,50.0,2.0,50.0,2.0,100.0,1.0,100.0,1.0,100.0,1.0,100.0,1.0,100.0,1.0,100.0,1.0,50.0,2.0
ICICIGI,2024,,,Financials,General Insurance,Large Cap,3.51,Broad Sector Fallback,Broad Sector: Financials,2,66.67,2.0,50.0,Average,15,3746,9.3669,87.4213,14.0844,131.545,2.8215,0.0,0,160.0268,,0,-51557.0,0.3012,486.0,2407.0,1.2543,High Quality,1921.0,9.3767,Capital Intensive,2.7136,,275.0,,0.0,18.988,,12.9118,,16.7559,,9.2171,,12.8392,,13.9481,,,INSUFFICIENT_DATA,,INSUFFICIENT_DATA,,INSUFFICIENT_DATA,+,-,-,Reinvestor,75.0,50.0,2.0,50.0,2.0,100.0,1.0,100.0,1.0,50.0,2.0,50.0,2.0,100.0,1.0,100.0,1.0,50.0,2.0,50.0,2.0,50.0,2.0,50.0,2.0,50.0,2.0,50.0,2.0,100.0,1.0
APOLLOHOSP,2024,,,Healthcare,Healthcare,Large Cap,0.62,Broad Sector Fallback,Broad Sector: Healthcare,1,100.0,1.0,100.0,Peer Leader,15,3310,4.9058,12.561,12.465,16.8034,4.7831,0.9827,0,5.5657,,0,6359.0,0.975,383.0,1920.0,2.0535,High Quality,1537.0,8.0644,Capital Intensive,15.9983,,522.0,,7371.0,21.7527,,14.66,,15.9021,,89.6838,,36.1308,,11.4936,,,INSUFFICIENT_DATA,,INSUFFICIENT_DATA,,INSUFFICIENT_DATA,+,-,-,Reinvestor,71.43,100.0,1.0,100.0,1.0,100.0,1.0,100.0,1.0,100.0,1.0,100.0,1.0,100.0,1.0,100.0,1.0,100.0,1.0,100.0,1.0,100.0,1.0,100.0,1.0,100.0,1.0,100.0,1.0,100.0,1.0
BEL,2024,,,Industrials,Defence Electronics,Large Cap,3.65,Broad Sector Fallback,Broad Sector: Industrials,6,71.67,1.0,91.67,Peer Leader,15,3411,19.6615,24.9211,4379.1209,3385.2071,1771.1111,0.8571,0,476.75,,0,77.0,90.08,-1265.0,4659.0,1.1691,High Quality,5924.0,29.2283,Capital Intensive,-25.0445,,24.0,,78.0,12.8335,,10.7508,,12.0133,,23.8045,,16.1265,,15.3929,,,INSUFFICIENT_DATA,,INSUFFICIENT_DATA,,INSUFFICIENT_DATA,+,-,-,Reinvestor,89.29,66.66666666666666,3.0,66.66666666666666,3.0,100.0,1.0,83.33333333333334,2.0,100.0,1.0,100.0,1.0,100.0,1.0,50.0,4.0,33.33333333333333,5.0,33.33333333333333,5.0,50.0,4.0,83.33333333333334,2.0,66.66666666666666,3.0,91.66666666666666,1.0,50.0,4.0
HAL,2024,,,Industrials,Defence & Aerospace,Large Cap,1.6,Broad Sector Fallback,Broad Sector: Industrials,6,71.67,1.0,91.67,Peer Leader,15,3639,24.9992,32.0891,3669.0821,3519.0332,1595.5882,0.599,0,270.8837,,0,76.0,63.8256,1814.0,8226.0,1.0831,High Quality,6412.0,21.1053,Capital Intensive,18.607,,465.0,,124.0,9.9097,,8.7125,,7.2166,,32.8533,,26.4853,,10.9249,,,INSUFFICIENT_DATA,,INSUFFICIENT_DATA,,INSUFFICIENT_DATA,+,-,-,Reinvestor,89.29,83.33333333333334,2.0,83.33333333333334,2.0,83.33333333333334,2.0,100.0,1.0,83.33333333333334,2.0,83.33333333333334,2.0,83.33333333333334,2.0,33.33333333333333,5.0,66.66666666666666,3.0,16.666666666666664,6.0,16.666666666666664,6.0,100.0,1.0,83.33333333333334,2.0,91.66666666666666,1.0,66.66666666666666,3.0
ADANIPORTS,2024,,,Industrials,Infrastructure,Large Cap,2.12,Broad Sector Fallback,Broad Sector: Industrials,6,63.89,3.0,66.67,Above Average,15,3274,30.3396,58.3617,14.1738,15.103,6.431,0.883,0,5.9495,,0,45996.0,0.212,8250.0,15018.0,1.8532,High Quality,6768.0,25.3379,Capital Intensive,52.9219,,265.0,,50485.0,28.6319,,19.5787,,18.6518,,17.0841,,14.9096,,16.6246,,,INSUFFICIENT_DATA,,INSUFFICIENT_DATA,,INSUFFICIENT_DATA,+,-,-,Reinvestor,85.71,100.0,1.0,100.0,1.0,33.33333333333333,5.0,33.33333333333333,5.0,33.33333333333333,5.0,50.0,4.0,16.666666666666664,6.0,100.0,1.0,83.33333333333334,2.0,100.0,1.0,100.0,1.0,66.66666666666666,3.0,50.0,4.0,58.333333333333336,3.0,33.33333333333333,5.0
HAVELLS,2024,,,Industrials,Consumer Electricals,Large Cap,1.44,Broad Sector Fallback,Broad Sector: Industrials,6,53.33,4.0,50.0,Average,15,3651,6.837,10.1183,16.3074,26.2122,9.8964,0.0426,0,25.3571,,0,312.0,1.4475,335.0,1953.0,1.5366,High Quality,1618.0,8.7036,Capital Intensive,17.8097,,124.0,,332.0,21.1409,,13.0379,,8.7284,,6.778,,10.0332,,11.0404,,,INSUFFICIENT_DATA,,INSUFFICIENT_DATA,,INSUFFICIENT_DATA,+,-,-,Reinvestor,82.14,16.666666666666664,6.0,16.666666666666664,6.0,50.0,4.0,50.0,4.0,50.0,4.0,66.66666666666666,3.0,50.0,4.0,83.33333333333334,2.0,50.0,4.0,83.33333333333334,2.0,83.33333333333334,2.0,33.33333333333333,5.0,33.33333333333333,5.0,33.33333333333333,5.0,100.0,1.0
LT,2024,,,Industrials,Engineering & Construction,Large Cap,3.03,Broad Sector Fallback,Broad Sector: Industrials,6,52.78,5.0,33.33,Below Average,15,3920,7.0312,13.5067,73.7699,144.0622,54.0558,0.1104,0,3.5442,,0,-7338.0,7.6879,20445.0,18266.0,1.1749,High Quality,2179.0,0.9855,Asset Light,68.4581,,635.0,,2326.0,17.5928,,10.3353,,10.0251,,6.3613,,8.7589,,12.2737,,,INSUFFICIENT_DATA,,INSUFFICIENT_DATA,,INSUFFICIENT_DATA,+,+,-,Liquidating Assets,85.71,33.33333333333333,5.0,33.33333333333333,5.0,66.66666666666666,3.0,66.66666666666666,3.0,66.66666666666666,3.0,33.33333333333333,5.0,66.66666666666666,3.0,66.66666666666666,3.0,100.0,1.0,50.0,4.0,33.33333333333333,5.0,16.666666666666664,6.0,16.666666666666664,6.0,58.333333333333336,3.0,83.33333333333334,2.0
GRASIM,2024,,,Industrials,Diversified Industrials,Mid Cap,2.61,Broad Sector Fallback,Broad Sector: Industrials,6,36.67,6.0,16.67,Peer Laggard,15,3627,7.5784,20.763,10.6825,11.1432,2.2134,1.7021,0,3.0158,,0,55706.0,0.2921,-33833.0,-10719.0,-1.0799,Accrual Risk,23114.0,17.6472,Capital Intensive,-124.4089,,1411.0,,158159.0,19.6816,,11.1517,,16.545,,12.4159,,29.3142,,12.885,,,INSUFFICIENT_DATA,,INSUFFICIENT_DATA,,INSUFFICIENT_DATA,-,-,+,Growth Funded by Debt,52.86,50.0,4.0,50.0,4.0,16.666666666666664,6.0,16.666666666666664,6.0,16.666666666666664,6.0,16.666666666666664,6.0,33.33333333333333,5.0,16.666666666666664,6.0,16.666666666666664,6.0,66.66666666666666,3.0,66.66666666666666,3.0,50.0,4.0,100.0,1.0,16.666666666666664,6.0,16.666666666666664,6.0
ASIANPAINT,2024,,,Materials,Paints & Coatings,Large Cap,1.13,Broad Sector Fallback,Broad Sector: Materials,3,74.44,1.0,100.0,Peer Leader,15,3322,15.6585,21.3692,30.8367,40.925,18.8573,0.1396,0,41.0049,,0,-1179.0,1.2043,3556.0,6104.0,1.0982,High Quality,2548.0,7.1785,Moderate,46.882,,188.0,,2516.0,17.801,,13.0297,,11.2525,,20.1176,,20.2774,,15.9716,,,INSUFFICIENT_DATA,,INSUFFICIENT_DATA,,INSUFFICIENT_DATA,+,-,-,Reinvestor,92.86,66.66666666666666,2.0,33.33333333333333,3.0,66.66666666666666,2.0,66.66666666666666,2.0,100.0,1.0,66.66666666666666,2.0,100.0,1.0,66.66666666666666,2.0,100.0,1.0,66.66666666666666,2.0,100.0,1.0,66.66666666666666,2.0,100.0,1.0,83.33333333333334,1.0,33.33333333333333,3.0
PIDILITIND,2024,,,Materials,Specialty Chemicals,Large Cap,2.15,Broad Sector Fallback,Broad Sector: Materials,3,63.33,2.0,66.67,Above Average,15,4052,14.1081,21.8687,20.0459,30.4706,13.6966,0.0435,0,54.3333,,0,-2167.0,0.9708,955.0,2724.0,1.5592,High Quality,1769.0,14.2857,Capital Intensive,35.2659,,171.0,,379.0,19.2998,,11.8364,,11.2008,,15.767,,13.4877,,14.527,,,INSUFFICIENT_DATA,,INSUFFICIENT_DATA,,INSUFFICIENT_DATA,+,-,-,Reinvestor,92.86,33.33333333333333,3.0,66.66666666666666,2.0,33.33333333333333,3.0,33.33333333333333,3.0,33.33333333333333,3.0,100.0,1.0,66.66666666666666,2.0,100.0,1.0,66.66666666666666,2.0,100.0,1.0,66.66666666666666,2.0,33.33333333333333,3.0,33.33333333333333,3.0,83.33333333333334,1.0,100.0,1.0
COALINDIA,2024,,,Materials,Mining & Metals,Large Cap,2.46,Broad Sector Fallback,Broad Sector: Materials,3,62.22,3.0,33.33,Below Average,15,3519,26.2563,66.2938,38.8463,90.7444,14.986,0.0812,0,11.2418,,0,-1242.0,0.5708,13617.0,18103.0,0.4844,Accrual Risk,4486.0,3.152,Moderate,14.4321,,156.0,,7816.0,16.494,,7.4029,,7.2611,,43.2891,,16.4323,,9.476,,,INSUFFICIENT_DATA,,INSUFFICIENT_DATA,,INSUFFICIENT_DATA,+,-,-,Reinvestor,81.43,100.0,1.0,100.0,1.0,100.0,1.0,100.0,1.0,66.66666666666666,2.0,33.33333333333333,3.0,33.33333333333333,3.0,33.33333333333333,3.0,33.33333333333333,3.0,33.33333333333333,3.0,33.33333333333333,3.0,100.0,1.0,66.66666666666666,2.0,33.33333333333333,3.0,66.66666666666666,2.0
EICHERMOT,2024,Automobiles,0.0,Consumer Discretionary,Two Wheelers,Large Cap,3.13,Explicit Peer Group,Peer Group: Automobiles,7,72.7,1.0,100.0,Peer Leader,15,3591,24.1957,26.1792,21.0812,30.1811,16.411,0.0213,0,114.7059,,0,-14289.0,0.6783,890.0,3724.0,0.9308,Moderate,2834.0,17.1384,Capital Intensive,20.559,,693.0,,404.0,23.7764,,11.0369,,6.5864,,43.7475,,12.6758,,19.0099,,,INSUFFICIENT_DATA,,INSUFFICIENT_DATA,,INSUFFICIENT_DATA,+,-,-,Reinvestor,90.71,100.0,1.0,85.71428571428571,2.0,57.14285714285714,4.0,71.42857142857143,3.0,85.71428571428571,2.0,71.42857142857143,3.0,28.57142857142857,6.0,57.14285714285714,4.0,57.14285714285714,4.0,71.42857142857143,3.0,85.71428571428571,2.0,66.66666666666666,3.0,66.66666666666666,3.0,100.0,1.0,85.71428571428571,2.0
MARUTI,2024,Automobiles,1.0,Consumer Discretionary,Automobiles,Mid Cap,1.36,Explicit Peer Group,Peer Group: Automobiles,7,66.03,2.0,85.71,Peer Leader,15,3956,9.5081,13.13,15.1336,25.6194,11.0834,0.0018,0,117.9072,,0,-57662.0,1.1657,4936.0,16801.0,1.2456,High Quality,11865.0,8.364,Capital Intensive,26.5006,,2835.0,,158.0,26.3236,,10.5102,,12.2816,,45.3876,,12.0072,,16.8018,,,INSUFFICIENT_DATA,,INSUFFICIENT_DATA,,INSUFFICIENT_DATA,+,-,-,Reinvestor,85.71,57.14285714285714,4.0,14.285714285714285,7.0,14.285714285714285,7.0,42.857142857142854,5.0,57.14285714285714,4.0,85.71428571428571,2.0,85.71428571428571,2.0,71.42857142857143,3.0,71.42857142857143,3.0,100.0,1.0,71.42857142857143,3.0,83.33333333333334,2.0,50.0,4.0,85.71428571428571,2.0,100.0,1.0
BAJAJ-AUTO,2024,Automobiles,0.0,Consumer Discretionary,Two Wheelers,Large Cap,3.9,Explicit Peer Group,Peer Group: Automobiles,7,64.44,3.0,71.43,Above Average,15,3353,17.1785,19.5342,24.8814,28.8897,16.8143,0.1693,0,174.4167,,0,-23307.0,0.9788,6486.0,6558.0,0.8508,Moderate,72.0,0.1605,Asset Light,73.9989,,1109.0,,5245.0,17.3847,,8.1276,,8.3418,,16.6428,,9.3589,,8.5932,,,INSUFFICIENT_DATA,,INSUFFICIENT_DATA,,INSUFFICIENT_DATA,+,-,-,Reinvestor,83.57,85.71428571428571,2.0,71.42857142857143,3.0,85.71428571428571,2.0,57.14285714285714,4.0,100.0,1.0,100.0,1.0,57.14285714285714,4.0,42.857142857142854,5.0,85.71428571428571,2.0,28.57142857142857,6.0,57.14285714285714,4.0,33.33333333333333,5.0,33.33333333333333,5.0,71.42857142857143,3.0,57.14285714285714,4.0
TATAMOTORS,2024,Automobiles,0.0,Consumer Discretionary,Automobiles,Large Cap,0.91,Explicit Peer Group,Peer Group: Automobiles,7,59.34,4.0,57.14,Average,13,4196,7.2631,13.5954,31.4728,31.4102,8.1419,1.0543,0,6.5302,,0,73168.0,1.121,45133.0,67915.0,2.1352,High Quality,22782.0,5.2022,Moderate,75.8054,,275.0,,106549.0,20.5794,,7.7202,,6.5211,,,TURNAROUND,,TURNAROUND,8.5137,,,INSUFFICIENT_DATA,,INSUFFICIENT_DATA,,INSUFFICIENT_DATA,+,-,-,Reinvestor,75.0,28.57142857142857,6.0,28.57142857142857,6.0,100.0,1.0,85.71428571428571,2.0,42.857142857142854,5.0,42.857142857142854,5.0,71.42857142857143,3.0,100.0,1.0,100.0,1.0,42.857142857142854,5.0,42.857142857142854,5.0,,7.0,,7.0,42.857142857142854,5.0,42.857142857142854,5.0
HEROMOTOCO,2024,Automobiles,0.0,Consumer Discretionary,Two Wheelers,Large Cap,0.26,Explicit Peer Group,Peer Group: Automobiles,7,57.46,5.0,42.86,Average,15,3698,9.9024,86.1468,19.6833,166.1717,12.7884,0.0309,0,47.2685,,0,-14392.0,1.2914,3095.0,4923.0,1.3156,High Quality,1828.0,4.8374,Moderate,9.5073,,951.0,,588.0,6.8709,,2.1531,,4.104,,8.4216,,1.5442,,5.9369,,,INSUFFICIENT_DATA,,INSUFFICIENT_DATA,,INSUFFICIENT_DATA,+,-,-,Reinvestor,82.14,71.42857142857143,3.0,100.0,1.0,42.857142857142854,5.0,100.0,1.0,71.42857142857143,3.0,57.14285714285714,4.0,100.0,1.0,85.71428571428571,2.0,42.857142857142854,5.0,14.285714285714285,7.0,14.285714285714285,7.0,16.666666666666664,6.0,16.666666666666664,6.0,57.14285714285714,4.0,71.42857142857143,3.0
TVSMOTOR,2024,Automobiles,0.0,Consumer Discretionary,Two Wheelers,Large Cap,2.16,Explicit Peer Group,Peer Group: Automobiles,7,43.33,6.0,28.57,Below Average,15,4292,4.5446,14.0503,22.9253,25.0503,3.9581,1.8839,0,2.9077,,0,13453.0,0.8709,-2254.0,-1253.0,-0.7043,Accrual Risk,1001.0,2.5572,Asset Light,-40.9818,,,,14619.0,26.3189,,14.1924,,16.6601,,43.029,,19.6651,,25.2661,,,INSUFFICIENT_DATA,,INSUFFICIENT_DATA,,INSUFFICIENT_DATA,-,-,+,Growth Funded by Debt,56.43,14.285714285714285,7.0,42.857142857142854,5.0,71.42857142857143,3.0,28.57142857142857,6.0,14.285714285714285,7.0,14.285714285714285,7.0,42.857142857142854,5.0,14.285714285714285,7.0,28.57142857142857,6.0,85.71428571428571,2.0,100.0,1.0,50.0,4.0,100.0,1.0,28.57142857142857,6.0,14.285714285714285,7.0
M&M,2024,Automobiles,0.0,Consumer Discretionary,Automobiles,Large Cap,3.95,Explicit Peer Group,Peer Group: Automobiles,7,37.94,7.0,14.29,Peer Laggard,15,3944,8.8224,17.8979,17.4038,15.047,4.8065,1.6573,0,3.7647,,0,82433.0,0.5448,-11245.0,-5630.0,-0.4588,Accrual Risk,5615.0,4.0373,Moderate,-45.1752,,567.0,,116844.0,23.2535,,5.8388,,6.5129,,100.9544,,15.3169,,9.0611,,,INSUFFICIENT_DATA,,INSUFFICIENT_DATA,,INSUFFICIENT_DATA,-,-,+,Growth Funded by Debt,52.86,42.857142857142854,5.0,57.14285714285714,4.0,28.57142857142857,6.0,14.285714285714285,7.0,28.57142857142857,6.0,28.57142857142857,6.0,14.285714285714285,7.0,28.57142857142857,6.0,14.285714285714285,7.0,57.14285714285714,4.0,28.57142857142857,6.0,100.0,1.0,83.33333333333334,2.0,14.285714285714285,7.0,28.57142857142857,6.0
BAJFINANCE,2024,Consumer Finance,1.0,Financials,Consumer Finance,Large Cap,1.78,Explicit Peer Group,Peer Group: Consumer Finance,3,88.89,1.0,100.0,Peer Leader,15,3387,26.2879,29.2858,16.648,3.9256,3.4353,3.7351,0,2689.1667,,0,293182.0,0.1307,-79931.0,-72760.0,-5.0349,Accrual Risk,7171.0,13.0448,Capital Intensive,-496.4967,,1402.0,,324218.0,27.2594,,24.3526,,,INSUFFICIENT_DATA,48.4198,,29.3231,,,INSUFFICIENT_DATA,,INSUFFICIENT_DATA,,INSUFFICIENT_DATA,,INSUFFICIENT_DATA,-,-,+,Growth Funded by Debt,63.57,100.0,1.0,100.0,1.0,100.0,1.0,66.66666666666666,2.0,100.0,1.0,100.0,1.0,66.66666666666666,2.0,66.66666666666666,2.0,66.66666666666666,2.0,66.66666666666666,2.0,100.0,1.0,100.0,1.0,100.0,1.0,100.0,1.0,100.0,1.0
SHRIRAMFIN,2024,Consumer Finance,0.0,Financials,Consumer Finance,Large Cap,1.15,Explicit Peer Group,Peer Group: Consumer Finance,3,68.89,2.0,66.67,Above Average,15,4148,20.3336,28.9189,14.1224,4.0536,2.6897,3.9666,0,0.6767,,1,196204.0,0.1323,-31359.0,-31101.0,-4.2034,Accrual Risk,258.0,0.709,Asset Light,-298.0044,,279.0,,207820.0,27.8263,,18.5561,,15.6849,,43.5938,,23.4939,,18.4752,,,INSUFFICIENT_DATA,,INSUFFICIENT_DATA,,INSUFFICIENT_DATA,-,-,+,Growth Funded by Debt,45.71,66.66666666666666,2.0,66.66666666666666,2.0,33.33333333333333,3.0,100.0,1.0,66.66666666666666,2.0,33.33333333333333,3.0,100.0,1.0,100.0,1.0,100.0,1.0,100.0,1.0,33.33333333333333,3.0,66.66666666666666,2.0,66.66666666666666,2.0,33.33333333333333,3.0,66.66666666666666,2.0
CHOLAFIN,2024,Consumer Finance,0.0,Financials,Consumer Finance,Large Cap,3.94,Explicit Peer Group,Peer Group: Consumer Finance,3,42.22,3.0,33.33,Below Average,15,3495,17.8469,28.101,15.9731,3.0158,1.8797,7.3767,1,21.2118,,0,152156.0,0.1053,-38538.0,-35683.0,-10.4336,Accrual Risk,2855.0,14.8985,Capital Intensive,-715.6546,,255.0,,157943.0,25.9855,,21.9392,,19.3087,,31.0083,,23.3634,,24.9735,,,INSUFFICIENT_DATA,,INSUFFICIENT_DATA,,INSUFFICIENT_DATA,-,-,+,Growth Funded by Debt,60.0,33.33333333333333,3.0,33.33333333333333,3.0,66.66666666666666,2.0,33.33333333333333,3.0,33.33333333333333,3.0,66.66666666666666,2.0,33.33333333333333,3.0,33.33333333333333,3.0,33.33333333333333,3.0,33.33333333333333,3.0,66.66666666666666,2.0,33.33333333333333,3.0,33.33333333333333,3.0,66.66666666666666,2.0,33.33333333333333,3.0
NESTLEIND,2024,FMCG,0.0,Consumer Staples,Food Products,Large Cap,0.94,Explicit Peer Group,Peer Group: FMCG,7,84.6,1.0,100.0,Peer Leader,15,3992,16.1228,23.8296,98.5714,136.9725,35.4069,0.0927,0,41.1862,,0,-416.0,2.1961,2938.0,4175.0,1.0615,High Quality,1237.0,5.0709,Moderate,50.5419,,41.0,,370.0,18.282,,14.5486,,9.487,,22.9134,,14.8523,,12.7458,,,INSUFFICIENT_DATA,,INSUFFICIENT_DATA,,INSUFFICIENT_DATA,+,-,-,Reinvestor,92.86,71.42857142857143,3.0,71.42857142857143,3.0,100.0,1.0,100.0,1.0,100.0,1.0,71.42857142857143,3.0,100.0,1.0,42.857142857142854,5.0,71.42857142857143,3.0,100.0,1.0,85.71428571428571,2.0,100.0,1.0,83.33333333333334,2.0,100.0,1.0,71.42857142857143,3.0
HINDUNILVR,2024,FMCG,1.0,Consumer Staples,FMCG,Mid Cap,1.11,Explicit Peer Group,Peer Group: FMCG,7,72.38,2.0,85.71,Peer Leader,15,3722,16.6117,76.3167,20.2497,90.1463,12.7308,0.0325,0,57.847,,0,-2665.0,0.7664,10145.0,15469.0,1.5045,High Quality,5324.0,8.6015,Capital Intensive,21.4768,,216.0,,1651.0,9.5894,,9.5045,,7.7897,,8.7295,,11.153,,10.0227,,,INSUFFICIENT_DATA,,INSUFFICIENT_DATA,,INSUFFICIENT_DATA,+,-,-,Reinvestor,89.29,85.71428571428571,2.0,100.0,1.0,57.14285714285714,4.0,85.71428571428571,2.0,57.14285714285714,4.0,85.71428571428571,2.0,71.42857142857143,3.0,85.71428571428571,2.0,42.857142857142854,5.0,71.42857142857143,3.0,71.42857142857143,3.0,50.0,4.0,50.0,4.0,85.71428571428571,2.0,85.71428571428571,2.0
ITC,2024,FMCG,0.0,Consumer Staples,Diversified FMCG,Large Cap,1.39,Explicit Peer Group,Peer Group: FMCG,7,70.63,3.0,71.43,Above Average,15,3840,29.282,37.0178,27.5702,38.424,22.0589,0.004,0,362.9625,,0,-28105.0,0.7533,18742.0,17179.0,0.8279,Moderate,1563.0,2.2056,Asset Light,71.4444,,60.0,,304.0,12.8903,,7.9509,,7.2158,,15.7431,,10.0834,,8.7113,,,INSUFFICIENT_DATA,,INSUFFICIENT_DATA,,INSUFFICIENT_DATA,+,+,-,Liquidating Assets,87.14,100.0,1.0,85.71428571428571,2.0,71.42857142857143,3.0,57.14285714285714,4.0,71.42857142857143,3.0,100.0,1.0,42.857142857142854,5.0,28.57142857142857,6.0,85.71428571428571,2.0,85.71428571428571,2.0,42.857142857142854,5.0,83.33333333333334,2.0,33.33333333333333,5.0,71.42857142857143,3.0,100.0,1.0
BRITANNIA,2024,FMCG,0.0,Consumer Staples,Food Products,Large Cap,0.66,Explicit Peer Group,Peer Group: FMCG,7,55.71,4.0,57.14,Average,15,3471,12.7259,18.886,66.4798,56.6398,22.5415,0.8579,0,20.5976,,0,386.0,1.7713,3050.0,2573.0,1.2057,High Quality,477.0,2.8445,Asset Light,96.3057,,133.0,,2754.0,8.4796,,8.69,,9.2658,,4.8567,,13.0635,,18.3749,,,INSUFFICIENT_DATA,,INSUFFICIENT_DATA,,INSUFFICIENT_DATA,+,+,-,Liquidating Assets,85.71,42.857142857142854,5.0,28.57142857142857,6.0,85.71428571428571,2.0,71.42857142857143,3.0,85.71428571428571,2.0,28.57142857142857,6.0,85.71428571428571,2.0,71.42857142857143,3.0,100.0,1.0,14.285714285714285,7.0,57.14285714285714,4.0,33.33333333333333,5.0,66.66666666666666,3.0,50.0,4.0,14.285714285714285,7.0
TATACONSUM,2024,FMCG,0.0,Consumer Staples,Food & Beverages,Large Cap,0.33,Explicit Peer Group,Peer Group: FMCG,7,49.21,5.0,42.86,Average,15,4184,7.9903,15.0204,6.3506,9.9742,3.9232,0.1545,0,25.3218,,0,1963.0,0.491,26.0,1937.0,1.5942,High Quality,1911.0,12.5674,Capital Intensive,1.1384,,193.0,,2955.0,9.4361,,15.9609,,6.9889,,9.3195,,21.5996,,9.0688,,,INSUFFICIENT_DATA,,INSUFFICIENT_DATA,,INSUFFICIENT_DATA,+,-,+,Shareholder Returns,78.57,28.57142857142857,6.0,14.285714285714285,7.0,28.57142857142857,6.0,28.57142857142857,6.0,28.57142857142857,6.0,57.14285714285714,4.0,14.285714285714285,7.0,100.0,1.0,28.57142857142857,6.0,57.14285714285714,4.0,100.0,1.0,66.66666666666666,3.0,100.0,1.0,28.57142857142857,6.0,57.14285714285714,4.0
DABUR,2024,FMCG,0.0,Consumer Staples,Personal Products,Large Cap,2.4,Explicit Peer Group,Peer Group: FMCG,7,42.7,6.0,28.57,Below Average,15,3531,14.6001,19.3486,17.4773,23.7907,11.0609,0.1691,0,23.2419,,0,-5847.0,0.7576,1042.0,2013.0,1.1115,High Quality,971.0,7.8281,Moderate,43.4167,,59.0,,1752.0,9.0614,,7.8141,,5.8006,,2.2311,,4.6044,,7.0539,,,INSUFFICIENT_DATA,,INSUFFICIENT_DATA,,INSUFFICIENT_DATA,+,-,-,Reinvestor,85.71,57.14285714285714,4.0,42.857142857142854,5.0,42.857142857142854,5.0,42.857142857142854,5.0,42.857142857142854,5.0,42.857142857142854,5.0,57.14285714285714,4.0,57.14285714285714,4.0,57.14285714285714,4.0,42.857142857142854,5.0,28.57142857142857,6.0,16.666666666666664,6.0,16.666666666666664,6.0,50.0,4.0,42.857142857142854,5.0
GODREJCP,2024,FMCG,0.0,Consumer Staples,Personal Products,Large Cap,0.89,Explicit Peer Group,Peer Group: FMCG,7,20.88,7.0,14.29,Peer Laggard,13,3615,-3.9799,20.9776,-4.6097,4.6756,-2.9551,0.3145,0,2.4129,,0,311.0,0.7425,-1365.0,2070.0,-3.6898,Accrual Risk,3435.0,24.3686,Capital Intensive,-46.1617,,119.0,,3828.0,8.5225,,6.4471,,6.3736,,,DECLINE_TO_LOSS,,DECLINE_TO_LOSS,,DECLINE_TO_LOSS,,INSUFFICIENT_DATA,,INSUFFICIENT_DATA,,INSUFFICIENT_DATA,+,-,+,Mixed,31.43,14.285714285714285,7.0,57.14285714285714,4.0,14.285714285714285,7.0,14.285714285714285,7.0,14.285714285714285,7.0,14.285714285714285,7.0,28.57142857142857,6.0,14.285714285714285,7.0,14.285714285714285,7.0,28.57142857142857,6.0,14.285714285714285,7.0,,7.0,,7.0,14.285714285714285,7.0,28.57142857142857,6.0
TCS,2024,IT Services,1.0,Information Technology,IT Services,Large Cap,1.1,Explicit Peer Group,Peer Group: IT Services,5,75.33,1.0,100.0,Peer Leader,15,4232,19.1367,26.6907,45.42,61.2985,28.6109,0.0891,0,87.0951,,0,-27035.0,1.4951,50429.0,44338.0,0.9618,Moderate,6091.0,2.5285,Asset Light,78.4326,,281.0,,9046.0,13.6329,,10.4636,,11.4044,,12.2863,,7.8712,,9.0791,,,INSUFFICIENT_DATA,,INSUFFICIENT_DATA,,INSUFFICIENT_DATA,+,+,-,Liquidating Assets,87.14,100.0,1.0,100.0,1.0,100.0,1.0,100.0,1.0,100.0,1.0,80.0,2.0,100.0,1.0,40.0,4.0,80.0,2.0,60.0,3.0,40.0,4.0,80.0,2.0,40.0,4.0,50.0,3.0,60.0,3.0
INFY,2024,IT Services,0.0,Information Technology,IT Services,Large Cap,3.37,Explicit Peer Group,Peer Group: IT Services,5,63.33,2.0,80.0,Peer Leader,15,3794,17.0808,23.7034,29.0152,41.4398,18.5014,0.0973,0,87.5234,,0,-8590.0,1.0832,20117.0,25210.0,0.9605,Moderate,5093.0,3.3142,Moderate,55.2286,,218.0,,8804.0,15.2165,,13.1991,,11.8527,,10.5588,,11.2394,,9.4335,,,INSUFFICIENT_DATA,,INSUFFICIENT_DATA,,INSUFFICIENT_DATA,+,-,-,Reinvestor,87.14,80.0,2.0,80.0,2.0,80.0,2.0,80.0,2.0,80.0,2.0,100.0,1.0,20.0,5.0,20.0,5.0,40.0,4.0,80.0,2.0,80.0,2.0,40.0,4.0,80.0,2.0,50.0,3.0,40.0,4.0
LTIM,2024,IT Services,0.0,Information Technology,IT Services,Large Cap,2.64,Explicit Peer Group,Peer Group: IT Services,5,62.67,3.0,60.0,Above Average,15,3932,12.9093,17.9829,21.7556,30.2936,15.9417,0.1104,0,31.9324,,0,-7338.0,1.2349,1752.0,5670.0,1.2366,High Quality,3918.0,11.0313,Capital Intensive,27.4307,,711.0,,2326.0,42.131,,30.328,,21.8561,,33.2484,,24.7751,,16.4952,,,INSUFFICIENT_DATA,,INSUFFICIENT_DATA,,INSUFFICIENT_DATA,+,-,-,Reinvestor,96.43,40.0,4.0,40.0,4.0,40.0,4.0,40.0,4.0,60.0,3.0,40.0,4.0,80.0,2.0,60.0,3.0,20.0,5.0,100.0,1.0,100.0,1.0,100.0,1.0,100.0,1.0,100.0,1.0,20.0,5.0
HCLTECH,2024,IT Services,0.0,Information Technology,IT Services,Large Cap,2.5,Explicit Peer Group,Peer Group: IT Services,5,60.0,4.0,40.0,Average,15,3663,14.2931,22.0156,22.8094,34.4106,15.7473,0.0841,0,46.4611,,0,-1851.0,1.1017,15840.0,22448.0,1.4289,High Quality,6608.0,6.012,Moderate,65.46,,254.0,,5791.0,13.3965,,12.7103,,13.0824,,12.0437,,9.1941,,9.1791,,,INSUFFICIENT_DATA,,INSUFFICIENT_DATA,,INSUFFICIENT_DATA,+,-,-,Reinvestor,92.86,60.0,3.0,60.0,3.0,60.0,3.0,60.0,3.0,40.0,4.0,60.0,3.0,40.0,4.0,80.0,2.0,60.0,3.0,40.0,4.0,60.0,3.0,60.0,3.0,60.0,3.0,80.0,2.0,80.0,2.0
TECHM,2024,IT Services,0.0,Information Technology,IT Services,Large Cap,2.39,Explicit Peer Group,Peer Group: IT Services,5,38.67,5.0,20.0,Below Average,15,4244,4.61,8.6661,9.0638,19.0759,5.5969,0.0769,0,13.8597,,0,-277.0,1.2141,5058.0,6376.0,2.66,High Quality,1318.0,2.5348,Asset Light,112.2503,,270.0,,2035.0,11.1601,,8.3984,,10.7074,,-18.0354,,-10.9852,,-2.4188,,,INSUFFICIENT_DATA,,INSUFFICIENT_DATA,,INSUFFICIENT_DATA,+,-,-,Reinvestor,75.0,20.0,5.0,20.0,5.0,20.0,5.0,20.0,5.0,20.0,5.0,20.0,5.0,60.0,3.0,100.0,1.0,100.0,1.0,20.0,5.0,20.0,5.0,20.0,5.0,20.0,5.0,20.0,5.0,100.0,1.0
LICI,2024,Life Insurance,1.0,Financials,Life Insurance,Large Cap,2.18,Explicit Peer Group,Peer Group: Life Insurance,4,70.0,1.0,100.0,Peer Leader,15,3896,4.8366,3.8747,41.9062,48.7552,0.7154,0.0001,0,371.9375,,0,-5413769.0,0.1479,853.0,26122.0,0.6384,Moderate,25269.0,2.987,Asset Light,2.6023,,154.0,,10.0,6.9817,,8.1599,,,INSUFFICIENT_DATA,139.6169,,73.1756,,,INSUFFICIENT_DATA,,INSUFFICIENT_DATA,,INSUFFICIENT_DATA,,INSUFFICIENT_DATA,+,-,-,Reinvestor,72.86,100.0,1.0,50.0,3.0,100.0,1.0,50.0,3.0,100.0,1.0,100.0,1.0,25.0,4.0,50.0,3.0,100.0,1.0,50.0,3.0,25.0,4.0,100.0,1.0,100.0,1.0,50.0,3.0,50.0,3.0
SBILIFE,2024,Life Insurance,0.0,Financials,Life Insurance,Large Cap,3.16,Explicit Peer Group,Peer Group: Life Insurance,4,68.33,2.0,75.0,Above Average,15,4112,1.435,0.1864,11.6489,13.3034,0.4223,0.0,0,240.3333,,0,-435926.0,0.2943,-2099.0,29122.0,15.3759,High Quality,31221.0,23.6544,Capital Intensive,-853.252,,162.0,,0.0,17.2359,,24.2316,,22.5616,,9.1623,,7.3747,,10.0335,,,INSUFFICIENT_DATA,,INSUFFICIENT_DATA,,INSUFFICIENT_DATA,+,-,-,Reinvestor,78.57,50.0,3.0,25.0,4.0,75.0,2.0,25.0,4.0,50.0,3.0,75.0,2.0,75.0,2.0,100.0,1.0,25.0,4.0,100.0,1.0,100.0,1.0,75.0,2.0,75.0,2.0,87.5,1.0,87.5,1.0
HDFCLIFE,2024,Life Insurance,0.0,Financials,Life Insurance,Large Cap,0.93,Explicit Peer Group,Peer Group: Life Insurance,4,65.83,3.0,50.0,Average,15,3687,1.551,99.4768,10.0872,609.8345,0.4674,0.0609,0,192.2895,,0,-324073.0,0.3014,-2893.0,10721.0,6.8113,High Quality,13614.0,13.4152,Capital Intensive,-2.8657,,73.0,,950.0,12.3667,,21.1681,,19.4461,,4.9661,,4.2545,,8.0604,,,INSUFFICIENT_DATA,,INSUFFICIENT_DATA,,INSUFFICIENT_DATA,+,-,-,Reinvestor,78.57,75.0,2.0,75.0,2.0,50.0,3.0,75.0,2.0,75.0,2.0,50.0,3.0,100.0,1.0,75.0,2.0,50.0,3.0,75.0,2.0,75.0,2.0,50.0,3.0,50.0,3.0,87.5,1.0,25.0,4.0
ICICIPRULI,2024,Life Insurance,0.0,Financials,Life Insurance,Large Cap,2.47,Explicit Peer Group,Peer Group: Life Insurance,4,45.83,4.0,25.0,Below Average,15,3758,0.9423,102.0253,7.3527,796.0429,0.2604,0.0,0,31.0215,,0,-314855.0,0.2763,105.0,-7315.0,-8.5958,Accrual Risk,7420.0,8.2164,Capital Intensive,0.114,,80.0,,0.0,2.7773,,16.8455,,15.2263,,-3.804,,-5.6632,,-5.8863,,,INSUFFICIENT_DATA,,INSUFFICIENT_DATA,,INSUFFICIENT_DATA,-,+,-,Mixed,67.14,25.0,4.0,100.0,1.0,25.0,4.0,100.0,1.0,25.0,4.0,25.0,4.0,50.0,3.0,25.0,4.0,75.0,2.0,25.0,4.0,50.0,3.0,25.0,4.0,25.0,4.0,25.0,4.0,87.5,1.0
BPCL,2024,Oil & Gas,0.0,Energy,Oil & Gas Refining,Large Cap,2.57,Explicit Peer Group,Peer Group: Oil & Gas,5,72.0,1.0,100.0,Peer Leader,15,3459,5.9942,9.8379,34.833,34.6457,12.7158,0.7636,0,11.3555,,0,31641.0,2.1213,25415.0,35936.0,1.338,High Quality,10521.0,2.348,Asset Light,57.6539,,178.0,,58880.0,24.8636,,8.4832,,5.4159,,15.7481,,25.7907,,20.8179,,,INSUFFICIENT_DATA,,INSUFFICIENT_DATA,,INSUFFICIENT_DATA,+,-,-,Reinvestor,82.14,40.0,4.0,40.0,4.0,100.0,1.0,100.0,1.0,100.0,1.0,60.0,3.0,100.0,1.0,40.0,4.0,100.0,1.0,60.0,3.0,60.0,3.0,40.0,4.0,100.0,1.0,100.0,1.0,40.0,4.0
GAIL,2024,Oil & Gas,0.0,Energy,Gas Distribution,Large Cap,3.12,Explicit Peer Group,Peer Group: Oil & Gas,5,62.0,2.0,80.0,Peer Leader,15,3603,7.4331,10.744,11.8162,16.421,7.6774,0.2342,0,23.6245,,0,-4471.0,1.0329,4360.0,12586.0,1.2709,High Quality,8226.0,6.1744,Moderate,30.4597,,127.0,,19632.0,32.4235,,11.8252,,7.9904,,17.2543,,8.6089,,7.5423,,,INSUFFICIENT_DATA,,INSUFFICIENT_DATA,,INSUFFICIENT_DATA,+,-,-,Reinvestor,78.57,60.0,3.0,60.0,3.0,40.0,4.0,40.0,4.0,60.0,3.0,100.0,1.0,60.0,3.0,20.0,5.0,40.0,4.0,100.0,1.0,100.0,1.0,60.0,3.0,20.0,5.0,70.0,2.0,100.0,1.0
IOC,2024,Oil & Gas,0.0,Energy,Oil & Gas Refining,Mid Cap,0.27,Explicit Peer Group,Peer Group: Oil & Gas,5,60.67,3.0,60.0,Above Average,15,3806,5.5595,9.7438,23.7977,23.5043,8.4578,0.9009,0,10.2823,,0,93223.0,1.5213,39635.0,71099.0,1.6473,High Quality,31464.0,4.0528,Moderate,52.3954,,129.0,,163401.0,28.7278,,8.0088,,4.745,,25.6409,,20.0991,,20.0064,,,INSUFFICIENT_DATA,,INSUFFICIENT_DATA,,INSUFFICIENT_DATA,+,-,-,Reinvestor,78.57,20.0,5.0,20.0,5.0,80.0,2.0,80.0,2.0,80.0,2.0,40.0,4.0,80.0,2.0,60.0,3.0,80.0,2.0,80.0,2.0,40.0,4.0,80.0,2.0,80.0,2.0,70.0,2.0,20.0,5.0
ONGC,2024,Oil & Gas,0.0,Energy,Oil & Gas Exploration,Large Cap,4.49,Explicit Peer Group,Peer Group: Oil & Gas,5,60.0,4.0,40.0,Average,15,4028,9.6553,17.3885,16.2092,21.2991,7.537,0.5436,0,11.3613,,0,85412.0,0.7806,42060.0,99263.0,1.7384,High Quality,57203.0,9.6725,Capital Intensive,40.9005,,275.0,,191489.0,24.8553,,7.0017,,13.0063,,38.7866,,10.9664,,7.9121,,,INSUFFICIENT_DATA,,INSUFFICIENT_DATA,,INSUFFICIENT_DATA,+,-,-,Reinvestor,75.0,100.0,1.0,80.0,2.0,60.0,3.0,60.0,3.0,40.0,4.0,80.0,2.0,40.0,4.0,80.0,2.0,60.0,3.0,40.0,4.0,20.0,5.0,100.0,1.0,40.0,4.0,40.0,4.0,60.0,3.0
RELIANCE,2024,Oil & Gas,1.0,Energy,Conglomerates,Large Cap,4.24,Explicit Peer Group,Peer Group: Oil & Gas,5,45.33,5.0,20.0,Below Average,15,4100,8.7894,18.0746,9.643,15.181,4.3534,0.4363,0,7.7289,,0,112966.0,0.4953,45207.0,158788.0,2.0095,High Quality,113581.0,12.6336,Capital Intensive,27.82,,606.0,,357525.0,24.4617,,9.6061,,7.5665,,13.7145,,14.6806,,13.3608,,,INSUFFICIENT_DATA,,INSUFFICIENT_DATA,,INSUFFICIENT_DATA,+,-,-,Reinvestor,71.43,80.0,2.0,100.0,1.0,20.0,5.0,20.0,5.0,20.0,5.0,20.0,5.0,20.0,5.0,100.0,1.0,20.0,5.0,20.0,5.0,80.0,2.0,20.0,5.0,60.0,3.0,20.0,5.0,80.0,2.0
DRREDDY,2024,Pharmaceuticals,0.0,Healthcare,Pharmaceuticals,Mid Cap,1.01,Explicit Peer Group,Peer Group: Pharmaceuticals,5,66.67,1.0,100.0,Peer Leader,15,3579,19.9136,28.321,18.1404,24.835,11.9372,0.1579,0,51.7076,,0,1191.0,0.5994,509.0,4543.0,0.8144,Moderate,4034.0,14.4015,Capital Intensive,6.4162,,369.0,,4854.0,13.7173,,12.6396,,7.64,,41.9056,,23.3925,,11.0084,,,INSUFFICIENT_DATA,,INSUFFICIENT_DATA,,INSUFFICIENT_DATA,+,-,-,Reinvestor,83.57,80.0,2.0,60.0,3.0,80.0,2.0,60.0,3.0,80.0,2.0,60.0,3.0,60.0,3.0,40.0,4.0,40.0,4.0,100.0,1.0,100.0,1.0,80.0,2.0,60.0,3.0,60.0,3.0,40.0,4.0
SUNPHARMA,2024,Pharmaceuticals,1.0,Healthcare,Pharmaceuticals,Large Cap,0.3,Explicit Peer Group,Peer Group: Pharmaceuticals,5,64.0,2.0,70.0,Above Average,15,4172,19.8157,26.8429,13.9044,19.3661,10.9061,0.0372,0,58.3319,,0,-15172.0,0.5504,11372.0,12135.0,1.2627,High Quality,763.0,1.5733,Asset Light,87.356,,288.0,,2572.0,13.1268,,10.7812,,11.6716,,61.723,,24.5368,,9.4965,,,INSUFFICIENT_DATA,,INSUFFICIENT_DATA,,INSUFFICIENT_DATA,+,-,-,Reinvestor,85.71,60.0,3.0,20.0,5.0,40.0,4.0,40.0,4.0,40.0,4.0,80.0,2.0,40.0,4.0,80.0,2.0,80.0,2.0,80.0,2.0,80.0,2.0,100.0,1.0,80.0,2.0,80.0,2.0,60.0,3.0
TORNTPHARM,2024,Pharmaceuticals,0.0,Healthcare,Pharmaceuticals,Large Cap,0.24,Explicit Peer Group,Peer Group: Pharmaceuticals,5,64.0,2.0,70.0,Above Average,15,4268,15.4362,31.3945,22.0682,33.0512,10.9756,0.4168,0,9.9266,,0,3001.0,0.711,3106.0,3266.0,1.9722,High Quality,160.0,1.4914,Asset Light,92.2209,,222.0,,3128.0,10.2518,,6.9327,,9.905,,9.7704,,30.5915,,9.5694,,,INSUFFICIENT_DATA,,INSUFFICIENT_DATA,,INSUFFICIENT_DATA,+,-,-,Reinvestor,89.29,20.0,5.0,80.0,2.0,100.0,1.0,80.0,2.0,60.0,3.0,20.0,5.0,80.0,2.0,100.0,1.0,100.0,1.0,40.0,4.0,20.0,5.0,40.0,4.0,100.0,1.0,100.0,1.0,20.0,5.0
CIPLA,2024,Pharmaceuticals,0.0,Healthcare,Pharmaceuticals,Large Cap,0.95,Explicit Peer Group,Peer Group: Pharmaceuticals,5,61.33,4.0,40.0,Average,15,3507,16.117,75.5917,14.6458,67.6762,11.9867,0.0163,0,35.3388,,0,-4534.0,0.7437,1152.0,4134.0,0.9952,Moderate,2982.0,11.5698,Capital Intensive,5.9128,,351.0,,461.0,10.3898,,9.5139,,9.7421,,20.2495,,22.7268,,11.4577,,,INSUFFICIENT_DATA,,INSUFFICIENT_DATA,,INSUFFICIENT_DATA,+,-,-,Reinvestor,76.43,40.0,4.0,100.0,1.0,60.0,3.0,100.0,1.0,100.0,1.0,40.0,4.0,100.0,1.0,60.0,3.0,20.0,5.0,60.0,3.0,40.0,4.0,60.0,3.0,40.0,4.0,20.0,5.0,80.0,2.0
DIVISLAB,2024,Pharmaceuticals,0.0,Healthcare,Pharmaceuticals,Large Cap,3.75,Explicit Peer Group,Peer Group: Pharmaceuticals,5,44.0,5.0,20.0,Below Average,15,3543,20.3952,28.1708,11.6644,18.5428,10.2656,0.0006,0,636.25,,0,-77.0,0.5033,992.0,1261.0,0.7881,Moderate,269.0,3.4289,Moderate,44.8869,,517.0,,8.0,4.0257,,9.6649,,11.9729,,-6.9193,,3.4105,,7.5459,,,INSUFFICIENT_DATA,,INSUFFICIENT_DATA,,INSUFFICIENT_DATA,+,-,-,Reinvestor,80.0,100.0,1.0,40.0,4.0,20.0,5.0,20.0,5.0,20.0,5.0,100.0,1.0,20.0,5.0,20.0,5.0,60.0,3.0,20.0,5.0,60.0,3.0,20.0,5.0,20.0,5.0,40.0,4.0,100.0,1.0
ADANIPOWER,2024,Power & Utilities,0.0,Energy,Power & Utilities,Large Cap,3.01,Explicit Peer Group,Peer Group: Power & Utilities,7,85.71,1.0,100.0,Peer Leader,14,3286,41.3676,36.2019,37.2252,30.0142,18.8015,0.6739,0,8.2972,,0,37384.0,0.4545,17651.0,14170.0,0.6803,Moderate,3481.0,6.9135,Moderate,96.8345,,145.0,,37705.0,24.2948,,16.0861,,12.6295,,154.0709,,,TURNAROUND,,TURNAROUND,,INSUFFICIENT_DATA,,INSUFFICIENT_DATA,,INSUFFICIENT_DATA,+,+,-,Liquidating Assets,90.71,85.71428571428571,2.0,42.857142857142854,5.0,100.0,1.0,100.0,1.0,100.0,1.0,85.71428571428571,2.0,100.0,1.0,14.285714285714285,7.0,100.0,1.0,85.71428571428571,2.0,85.71428571428571,2.0,100.0,1.0,,6.0,100.0,1.0,100.0,1.0
POWERGRID,2024,Power & Utilities,0.0,Energy,Power Transmission,Large Cap,4.12,Explicit Peer Group,Peer Group: Power & Utilities,7,65.43,2.0,85.71,Peer Leader,15,4076,33.9703,86.8748,16.916,18.8148,6.1,1.3314,0,4.603,,0,119158.0,0.1796,24176.0,37290.0,2.3945,High Quality,13114.0,28.6063,Capital Intensive,60.7041,,99.0,,122568.0,4.9655,,5.5103,,11.4141,,8.9674,,9.1892,,13.0981,,,INSUFFICIENT_DATA,,INSUFFICIENT_DATA,,INSUFFICIENT_DATA,+,-,-,Reinvestor,75.0,71.42857142857143,3.0,100.0,1.0,85.71428571428571,2.0,85.71428571428571,2.0,85.71428571428571,2.0,57.14285714285714,4.0,57.14285714285714,4.0,57.14285714285714,4.0,85.71428571428571,2.0,28.57142857142857,6.0,42.857142857142854,5.0,28.57142857142857,6.0,60.0,3.0,78.57142857142857,2.0,57.14285714285714,4.0
TATAPOWER,2024,Power & Utilities,0.0,Energy,Power & Utilities,Mid Cap,4.19,Explicit Peer Group,Peer Group: Power & Utilities,7,57.24,3.0,71.43,Above Average,15,4208,6.9651,17.4698,12.7078,15.3825,2.9491,1.7314,0,3.0544,,0,42873.0,0.4234,3569.0,12596.0,2.943,High Quality,9027.0,14.6902,Capital Intensive,33.2464,,105.0,,58314.0,23.3983,,15.5112,,5.573,,43.8117,,10.4317,,79.9808,,,INSUFFICIENT_DATA,,INSUFFICIENT_DATA,,INSUFFICIENT_DATA,+,-,-,Reinvestor,67.86,14.285714285714285,7.0,14.285714285714285,7.0,71.42857142857143,3.0,71.42857142857143,3.0,42.857142857142854,5.0,42.857142857142854,5.0,85.71428571428571,2.0,71.42857142857143,3.0,71.42857142857143,3.0,71.42857142857143,3.0,71.42857142857143,3.0,71.42857142857143,3.0,80.0,2.0,50.0,4.0,28.57142857142857,6.0
NTPC,2024,Power & Utilities,1.0,Energy,Power & Utilities,Large Cap,4.04,Explicit Peer Group,Peer Group: Power & Utilities,7,49.81,4.0,57.14,Average,15,4016,11.9506,28.8267,12.6771,13.8066,4.3337,1.4382,0,4.605,,0,225509.0,0.3626,8644.0,40785.0,1.9119,High Quality,32141.0,18.0061,Capital Intensive,16.7988,,174.0,,242009.0,16.9719,,12.2223,,8.5854,,12.5329,,8.7352,,6.4636,,,INSUFFICIENT_DATA,,INSUFFICIENT_DATA,,INSUFFICIENT_DATA,+,-,-,Reinvestor,67.86,28.57142857142857,6.0,28.57142857142857,6.0,57.14285714285714,4.0,57.14285714285714,4.0,71.42857142857143,3.0,71.42857142857143,3.0,71.42857142857143,3.0,42.857142857142854,5.0,42.857142857142854,5.0,42.857142857142854,5.0,57.14285714285714,4.0,42.857142857142854,5.0,40.0,4.0,50.0,4.0,42.857142857142854,5.0
ADANIGREEN,2024,Power & Utilities,0.0,Energy,Renewable Energy,Large Cap,1.23,Explicit Peer Group,Peer Group: Power & Utilities,7,49.49,5.0,42.86,Average,14,3262,13.6659,79.3709,11.9138,10.9992,1.2823,6.3758,1,1.7139,,0,65099.0,0.0938,-13347.0,7713.0,6.1214,High Quality,21060.0,228.4165,Capital Intensive,-182.3859,,67.0,,67430.0,43.441,,34.9762,,,INSUFFICIENT_DATA,90.5898,,,TURNAROUND,,INSUFFICIENT_DATA,,INSUFFICIENT_DATA,,INSUFFICIENT_DATA,,INSUFFICIENT_DATA,+,-,+,Shareholder Returns,60.71,42.857142857142854,5.0,85.71428571428571,2.0,42.857142857142854,5.0,42.857142857142854,5.0,14.285714285714285,7.0,14.285714285714285,7.0,14.285714285714285,7.0,100.0,1.0,14.285714285714285,7.0,100.0,1.0,100.0,1.0,85.71428571428571,2.0,,6.0,21.428571428571427,6.0,14.285714285714285,7.0
NHPC,2024,Power & Utilities,0.0,Energy,Power & Utilities,Large Cap,0.33,Explicit Peer Group,Peer Group: Power & Utilities,7,47.52,6.0,28.57,Below Average,15,4004,41.8189,49.9066,10.0326,9.1932,4.1236,0.8521,0,11.2434,,0,33711.0,0.0986,970.0,6938.0,1.7224,High Quality,5968.0,61.9601,Capital Intensive,20.1789,,40.0,,34210.0,-0.0553,,1.4049,,2.6864,,3.8155,,7.2696,,9.4486,,,INSUFFICIENT_DATA,,INSUFFICIENT_DATA,,INSUFFICIENT_DATA,+,-,-,Reinvestor,75.0,100.0,1.0,71.42857142857143,3.0,28.57142857142857,6.0,14.285714285714285,7.0,57.14285714285714,4.0,100.0,1.0,28.57142857142857,6.0,28.57142857142857,6.0,57.14285714285714,4.0,14.285714285714285,7.0,14.285714285714285,7.0,14.285714285714285,7.0,20.0,5.0,78.57142857142857,2.0,85.71428571428571,2.0
JSWENERGY,2024,Power & Utilities,0.0,Energy,Power & Utilities,Mid Cap,1.14,Explicit Peer Group,Peer Group: Power & Utilities,7,47.14,7.0,14.29,Peer Laggard,15,3866,15.0183,46.857,6.1671,9.9517,2.6566,1.103,0,2.8514,,0,20752.0,0.1769,-1963.0,6234.0,3.6139,High Quality,8197.0,71.3651,Capital Intensive,-36.4734,,160.0,,30853.0,18.3893,,4.68,,2.8787,,27.9764,,20.3224,,8.5419,,,INSUFFICIENT_DATA,,INSUFFICIENT_DATA,,INSUFFICIENT_DATA,+,-,+,Shareholder Returns,60.71,57.14285714285714,4.0,57.14285714285714,4.0,14.285714285714285,7.0,28.57142857142857,6.0,28.57142857142857,6.0,28.57142857142857,6.0,42.857142857142854,5.0,85.71428571428571,2.0,28.57142857142857,6.0,57.14285714285714,4.0,28.57142857142857,6.0,57.14285714285714,4.0,100.0,1.0,21.428571428571427,6.0,71.42857142857143,3.0
ICICIBANK,2024,Private Banks,0.0,Financials,Private Banks,Large Cap,3.87,Explicit Peer Group,Peer Group: Private Banks,5,76.0,1.0,100.0,Peer Leader,15,3734,28.888,62.4138,17.9903,5.2199,1.9492,6.4456,1,1.3009,,1,823845.0,0.0675,12547.0,157284.0,3.4132,High Quality,144737.0,90.7351,Capital Intensive,12.6025,,365.0,,1651008.0,21.3966,,17.2509,,12.4186,,31.2864,,51.9488,,14.7147,,,INSUFFICIENT_DATA,,INSUFFICIENT_DATA,,INSUFFICIENT_DATA,+,-,+,Shareholder Returns,60.71,80.0,2.0,80.0,2.0,100.0,1.0,80.0,2.0,80.0,2.0,40.0,4.0,20.0,5.0,100.0,1.0,60.0,3.0,80.0,2.0,80.0,2.0,60.0,3.0,100.0,1.0,100.0,1.0,80.0,2.0
KOTAKBANK,2024,Private Banks,0.0,Financials,Private Banks,Large Cap,3.47,Explicit Peer Group,Peer Group: Private Banks,5,61.33,2.0,80.0,Peer Leader,15,3890,32.3862,83.6673,14.013,7.2312,2.3725,4.0037,0,1.2364,,1,273928.0,0.0733,6766.0,15685.0,0.8612,Moderate,8919.0,15.8597,Capital Intensive,14.3798,,654.0,,520374.0,19.6634,,13.5196,,16.7172,,22.1627,,20.382,,21.8366,,,INSUFFICIENT_DATA,,INSUFFICIENT_DATA,,INSUFFICIENT_DATA,+,-,+,Mixed,47.86,100.0,1.0,100.0,1.0,20.0,5.0,100.0,1.0,100.0,1.0,20.0,5.0,80.0,2.0,80.0,2.0,80.0,2.0,40.0,4.0,20.0,5.0,20.0,5.0,20.0,5.0,40.0,4.0,100.0,1.0
HDFCBANK,2024,Private Banks,1.0,Financials,Private Banks,Large Cap,1.06,Explicit Peer Group,Peer Group: Private Banks,5,60.0,3.0,60.0,Above Average,15,3675,23.0729,61.4125,14.3397,4.8873,1.6239,6.8088,1,1.4008,,1,2101821.0,0.0704,35669.0,19069.0,0.2914,Accrual Risk,16600.0,5.8523,Moderate,20.4764,,601.0,,3107503.0,30.187,,21.951,,20.888,,27.1236,,23.8651,,22.2639,,,INSUFFICIENT_DATA,,INSUFFICIENT_DATA,,INSUFFICIENT_DATA,+,+,-,Liquidating Assets,45.71,60.0,3.0,60.0,3.0,60.0,3.0,60.0,3.0,20.0,5.0,60.0,3.0,40.0,4.0,60.0,3.0,100.0,1.0,100.0,1.0,100.0,1.0,40.0,4.0,60.0,3.0,20.0,5.0,60.0,3.0
AXISBANK,2024,Private Banks,0.0,Financials,Private Banks,Large Cap,2.97,Explicit Peer Group,Peer Group: Private Banks,5,53.33,4.0,40.0,Average,15,3341,22.7313,34.6926,15.8327,2.6133,1.6375,8.2491,1,1.6912,,0,962948.0,0.072,-14556.0,-5555.0,-0.2234,Accrual Risk,9001.0,8.2299,Capital Intensive,-38.3628,,509.0,,1295302.0,19.966,,14.7436,,13.5688,,55.688,,39.6723,,14.8648,,,INSUFFICIENT_DATA,,INSUFFICIENT_DATA,,INSUFFICIENT_DATA,-,-,+,Growth Funded by Debt,52.86,40.0,4.0,20.0,5.0,80.0,2.0,20.0,5.0,40.0,4.0,80.0,2.0,60.0,3.0,40.0,4.0,40.0,4.0,60.0,3.0,40.0,4.0,100.0,1.0,80.0,2.0,80.0,2.0,20.0,5.0
INDUSINDBK,2024,Private Banks,0.0,Financials,Private Banks,Large Cap,2.54,Explicit Peer Group,Peer Group: Private Banks,5,49.33,5.0,20.0,Below Average,15,3782,19.5637,38.5547,14.2523,3.5632,1.7381,6.8857,1,1.8795,,0,325877.0,0.0888,-17468.0,-16843.0,-1.8819,Accrual Risk,625.0,1.3662,Asset Light,-99.0362,,807.0,,432404.0,16.4103,,15.4956,,18.6781,,46.6805,,22.0775,,20.3156,,,INSUFFICIENT_DATA,,INSUFFICIENT_DATA,,INSUFFICIENT_DATA,-,-,-,Pre-Revenue,49.29,20.0,5.0,40.0,4.0,40.0,4.0,40.0,4.0,60.0,3.0,100.0,1.0,100.0,1.0,20.0,5.0,20.0,5.0,20.0,5.0,60.0,3.0,80.0,2.0,40.0,4.0,60.0,3.0,40.0,4.0
CANBK,2024,Public Sector Banks,0.0,Financials,Public Sector Banks,Large Cap,2.96,Explicit Peer Group,Peer Group: Public Sector Banks,4,74.44,1.0,100.0,Peer Leader,15,3483,13.9352,41.7539,16.7161,3.1561,1.0033,14.8674,1,1.6107,,0,970573.0,0.072,13296.0,15046.0,0.9769,Moderate,1750.0,1.5834,Asset Light,28.8129,,102.0,,1369780.0,16.3029,,18.1756,,10.8172,,73.3402,,85.7753,,19.1437,,,INSUFFICIENT_DATA,,INSUFFICIENT_DATA,,INSUFFICIENT_DATA,+,-,-,Reinvestor,58.57,50.0,3.0,100.0,1.0,66.66666666666666,2.0,100.0,1.0,33.33333333333333,3.0,66.66666666666666,2.0,66.66666666666666,2.0,100.0,1.0,100.0,1.0,50.0,3.0,100.0,1.0,75.0,2.0,100.0,1.0,75.0,2.0,33.33333333333333,3.0
PNB,2024,Public Sector Banks,0.0,Financials,Public Sector Banks,Large Cap,3.82,Explicit Peer Group,Peer Group: Public Sector Banks,4,67.5,2.0,75.0,Above Average,10,4064,8.3959,,61.3206,,12.6529,3.6843,0,,,0,50672.0,1.507,-29445.0,-27939.0,-3.0511,Accrual Risk,1506.0,1.3808,Asset Light,,,110.0,,55017.0,10.0032,,15.9021,,9.2667,,50.3366,,,TURNAROUND,9.5624,,,INSUFFICIENT_DATA,,INSUFFICIENT_DATA,,INSUFFICIENT_DATA,-,-,+,Growth Funded by Debt,61.67,25.0,4.0,,4.0,100.0,1.0,,3.0,100.0,1.0,,4.0,100.0,1.0,25.0,4.0,,4.0,25.0,4.0,50.0,3.0,50.0,3.0,,4.0,100.0,1.0,100.0,1.0
BANKBARODA,2024,Public Sector Banks,0.0,Financials,Public Sector Banks,Large Cap,1.27,Explicit Peer Group,Peer Group: Public Sector Banks,4,66.11,3.0,50.0,Average,15,3399,15.9395,37.4889,15.7619,2.8206,1.1403,12.1437,1,1.8967,,0,1046625.0,0.0715,-7559.0,-6274.0,-0.3325,Accrual Risk,1285.0,1.0855,Asset Light,-17.0328,,231.0,,1453761.0,16.7888,,17.4773,,11.3324,,126.679,,74.5059,,14.1212,,,INSUFFICIENT_DATA,,INSUFFICIENT_DATA,,INSUFFICIENT_DATA,-,-,+,Growth Funded by Debt,52.86,100.0,1.0,66.66666666666666,2.0,33.33333333333333,3.0,50.0,2.0,66.66666666666666,2.0,100.0,1.0,33.33333333333333,3.0,50.0,3.0,66.66666666666666,2.0,100.0,1.0,75.0,2.0,100.0,1.0,33.33333333333333,3.0,50.0,3.0,66.66666666666666,2.0
SBIN,2024,Public Sector Banks,1.0,Financials,Public Sector Banks,Large Cap,3.6,Explicit Peer Group,Peer Group: Public Sector Banks,4,46.67,4.0,25.0,Below Average,10,4124,15.8344,-13.7292,,,,,0,0.3661,,1,,,18156.0,21632.0,0.3111,Accrual Risk,3476.0,0.7915,Asset Light,-30.111,,465.0,,,16.4508,,11.6338,,8.7939,,42.7878,,83.407,,16.729,,,INSUFFICIENT_DATA,,INSUFFICIENT_DATA,,INSUFFICIENT_DATA,+,-,-,Reinvestor,42.5,75.0,2.0,33.33333333333333,3.0,,4.0,,3.0,,4.0,33.33333333333333,3.0,,4.0,75.0,2.0,33.33333333333333,3.0,75.0,2.0,25.0,4.0,25.0,4.0,66.66666666666666,2.0,25.0,4.0,,4.0
HINDALCO,2024,Steel,0.0,Materials,Metals & Mining,Large Cap,0.64,Explicit Peer Group,Peer Group: Steel,4,83.33,1.0,100.0,Peer Leader,15,3710,4.7022,88.9462,8.8169,109.0646,4.0255,0.5293,0,126.4654,,0,38506.0,0.8561,9789.0,24056.0,2.3689,High Quality,14267.0,6.6063,Moderate,5.096,,153.0,,60959.0,17.8309,,10.5924,,9.431,,42.8594,,13.0687,,16.5533,,,INSUFFICIENT_DATA,,INSUFFICIENT_DATA,,INSUFFICIENT_DATA,+,-,-,Reinvestor,71.43,50.0,3.0,100.0,1.0,50.0,3.0,100.0,1.0,75.0,2.0,100.0,1.0,100.0,1.0,100.0,1.0,75.0,2.0,75.0,2.0,75.0,2.0,100.0,1.0,100.0,1.0,75.0,2.0,75.0,2.0
JINDALSTEL,2024,Steel,0.0,Materials,Steel,Large Cap,1.41,Explicit Peer Group,Peer Group: Steel,4,65.48,2.0,75.0,Above Average,14,3852,11.8024,20.2606,12.5536,16.0323,7.1801,0.3647,0,8.0046,,0,16403.0,0.6084,-2336.0,6008.0,1.0109,High Quality,8344.0,16.5707,Capital Intensive,-22.8975,,464.0,,17266.0,13.3463,,1.4028,,10.0726,,11.6763,,,TURNAROUND,12.1029,,,INSUFFICIENT_DATA,,INSUFFICIENT_DATA,,INSUFFICIENT_DATA,+,-,+,Shareholder Returns,78.57,100.0,1.0,75.0,2.0,100.0,1.0,50.0,3.0,100.0,1.0,75.0,2.0,25.0,4.0,50.0,3.0,25.0,4.0,25.0,4.0,25.0,4.0,66.66666666666666,2.0,,3.0,100.0,1.0,100.0,1.0
JSWSTEEL,2024,Steel,0.0,Materials,Steel,Large Cap,4.49,Explicit Peer Group,Peer Group: Steel,4,60.56,3.0,50.0,Average,15,3878,5.1273,16.0892,11.2633,16.9542,3.8483,1.1957,0,3.6591,,0,84518.0,0.7506,-2389.0,12078.0,1.346,High Quality,14467.0,8.2666,Capital Intensive,-8.4846,,326.0,,95258.0,29.901,,15.6047,,13.0736,,4.4558,,3.5852,,36.4178,,,INSUFFICIENT_DATA,,INSUFFICIENT_DATA,,INSUFFICIENT_DATA,+,-,-,Reinvestor,67.86,75.0,2.0,50.0,3.0,75.0,2.0,75.0,2.0,50.0,3.0,50.0,3.0,50.0,3.0,75.0,2.0,50.0,3.0,100.0,1.0,100.0,1.0,33.33333333333333,3.0,50.0,2.0,50.0,3.0,25.0,4.0
TATASTEEL,2024,Steel,1.0,Materials,Steel,Mid Cap,1.01,Explicit Peer Group,Peer Group: Steel,4,40.38,4.0,25.0,Below Average,13,4220,-2.1425,9.708,-5.4467,8.5697,-1.7483,1.1026,0,2.1634,,0,92921.0,0.816,6048.0,20301.0,-4.1346,Accrual Risk,14253.0,6.2194,Moderate,27.1845,,72.0,,99392.0,13.6072,,7.7662,,4.4263,,,DECLINE_TO_LOSS,,DECLINE_TO_LOSS,,DECLINE_TO_LOSS,,INSUFFICIENT_DATA,,INSUFFICIENT_DATA,,INSUFFICIENT_DATA,+,-,-,Reinvestor,24.29,25.0,4.0,25.0,4.0,25.0,4.0,25.0,4.0,25.0,4.0,25.0,4.0,75.0,2.0,25.0,4.0,100.0,1.0,50.0,3.0,50.0,3.0,,4.0,,3.0,25.0,4.0,50.0,3.0
BOSCHLTD,2024,,,Consumer Discretionary,Auto Ancillaries,Large Cap,2.82,Sub Sector,Sub Sector: Auto Ancillaries,2,90.0,1.0,100.0,Peer Leader,15,3447,14.8861,12.5247,19.5478,28.671,13.4442,0.0024,0,71.7843,,0,-5790.0,0.9031,1536.0,1253.0,0.5032,Moderate,283.0,1.6919,Asset Light,73.3174,,4319.0,,31.0,19.8433,,6.7172,,,INSUFFICIENT_DATA,72.8691,,9.2759,,,INSUFFICIENT_DATA,,INSUFFICIENT_DATA,,INSUFFICIENT_DATA,,INSUFFICIENT_DATA,+,+,-,Liquidating Assets,80.0,100.0,1.0,100.0,1.0,100.0,1.0,100.0,1.0,100.0,1.0,100.0,1.0,50.0,2.0,50.0,2.0,100.0,1.0,100.0,1.0,50.0,2.0,100.0,1.0,100.0,1.0,100.0,1.0,100.0,1.0
MOTHERSON,2024,,,Consumer Discretionary,Auto Ancillaries,Large Cap,3.39,Sub Sector,Sub Sector: Auto Ancillaries,2,60.0,2.0,50.0,Average,15,3968,3.06,9.4455,9.2542,16.2995,3.0854,0.7789,0,5.2247,,0,18802.0,1.0083,925.0,7569.0,2.5063,High Quality,6644.0,6.7321,Moderate,9.9228,,46.0,,25417.0,19.8208,,9.212,,12.4918,,24.3926,,7.5574,,10.6573,,,INSUFFICIENT_DATA,,INSUFFICIENT_DATA,,INSUFFICIENT_DATA,+,-,+,Shareholder Returns,67.86,50.0,2.0,50.0,2.0,50.0,2.0,50.0,2.0,50.0,2.0,50.0,2.0,100.0,1.0,100.0,1.0,50.0,2.0,50.0,2.0,100.0,1.0,50.0,2.0,50.0,2.0,50.0,2.0,50.0,2.0
ABB,2024,,,Industrials,Capital Goods,Large Cap,0.81,Sub Sector,Sub Sector: Capital Goods,3,90.0,1.0,100.0,Peer Leader,15,3231,20.5334,24.8419,34.1096,47.5007,23.7211,0.017,0,141.75,,0,60.0,1.1552,1095.0,6038.0,5.0275,High Quality,4943.0,84.5102,Capital Intensive,75.3613,,1657.0,,60.0,10.7137,,9.7161,,9.8983,,20.2324,,21.6931,,19.7534,,,INSUFFICIENT_DATA,,INSUFFICIENT_DATA,,INSUFFICIENT_DATA,+,-,-,Reinvestor,92.86,100.0,1.0,100.0,1.0,100.0,1.0,100.0,1.0,100.0,1.0,100.0,1.0,100.0,1.0,100.0,1.0,100.0,1.0,33.33333333333333,3.0,66.66666666666666,2.0,50.0,2.0,100.0,1.0,100.0,1.0,100.0,1.0
SIEMENS,2024,,,Industrials,Capital Goods,Large Cap,0.99,Sub Sector,Sub Sector: Capital Goods,3,73.33,2.0,66.67,Above Average,15,4160,12.2212,13.9568,17.6988,25.7675,10.7435,0.0182,0,67.15,,0,278.0,0.8791,1168.0,1670.0,0.6144,Moderate,502.0,2.2572,Asset Light,37.6289,,431.0,,279.0,18.9987,,11.1934,,7.6129,,35.6461,,19.8534,,16.2501,,,INSUFFICIENT_DATA,,INSUFFICIENT_DATA,,INSUFFICIENT_DATA,+,-,-,Reinvestor,83.57,66.66666666666666,2.0,66.66666666666666,2.0,66.66666666666666,2.0,66.66666666666666,2.0,66.66666666666666,2.0,66.66666666666666,2.0,66.66666666666666,2.0,66.66666666666666,2.0,66.66666666666666,2.0,100.0,1.0,100.0,1.0,100.0,1.0,66.66666666666666,2.0,66.66666666666666,2.0,66.66666666666666,2.0
BHEL,2024,,,Industrials,Capital Goods,Large Cap,1.24,Sub Sector,Sub Sector: Capital Goods,3,35.71,3.0,33.33,Below Average,14,3435,1.1803,2.9758,1.1653,3.9578,0.4564,0.3772,0,1.593,,0,8861.0,0.3867,-2382.0,-3713.0,-13.1667,Accrual Risk,1331.0,5.5707,Moderate,-335.0211,,70.0,,9128.0,11.3439,,-4.7286,,-4.9176,,,TURNAROUND,-22.3974,,-22.2692,,,INSUFFICIENT_DATA,,INSUFFICIENT_DATA,,INSUFFICIENT_DATA,-,+,+,Distress Signal,45.71,33.33333333333333,3.0,33.33333333333333,3.0,33.33333333333333,3.0,33.33333333333333,3.0,33.33333333333333,3.0,33.33333333333333,3.0,33.33333333333333,3.0,33.33333333333333,3.0,33.33333333333333,3.0,66.66666666666666,2.0,33.33333333333333,3.0,,3.0,33.33333333333333,3.0,33.33333333333333,3.0,33.33333333333333,3.0
SHREECEM,2024,,,Materials,Cement,Large Cap,2.86,Sub Sector,Sub Sector: Cement,2,81.67,1.0,100.0,Peer Leader,15,4136,8.445,22.0165,8.3002,22.6719,6.2206,0.0806,0,19.8256,,0,-5261.0,0.7366,1929.0,3347.0,1.9313,High Quality,1418.0,6.91,Moderate,42.6959,,5787.0,,1682.0,14.81,,10.3256,,13.6366,,-9.4865,,11.2927,,8.2137,,,INSUFFICIENT_DATA,,INSUFFICIENT_DATA,,INSUFFICIENT_DATA,+,-,-,Reinvestor,78.57,50.0,2.0,100.0,1.0,50.0,2.0,100.0,1.0,100.0,1.0,50.0,2.0,100.0,1.0,100.0,1.0,100.0,1.0,100.0,1.0,100.0,1.0,50.0,2.0,100.0,1.0,75.0,1.0,50.0,2.0
AMBUJACEM,2024,,,Materials,Cement,Large Cap,2.82,Sub Sector,Sub Sector: Cement,2,68.33,2.0,50.0,Average,15,3298,14.2883,19.3004,9.4053,15.2497,6.1876,0.0155,0,28.2645,,0,-1444.0,0.4331,-3295.0,5646.0,1.1916,High Quality,8941.0,26.9632,Capital Intensive,-51.4844,,205.0,,779.0,4.6117,,4.1157,,12.7866,,8.4846,,11.2286,,12.2867,,,INSUFFICIENT_DATA,,INSUFFICIENT_DATA,,INSUFFICIENT_DATA,+,-,+,Shareholder Returns,78.57,100.0,1.0,50.0,2.0,100.0,1.0,50.0,2.0,50.0,2.0,100.0,1.0,50.0,2.0,50.0,2.0,50.0,2.0,50.0,2.0,50.0,2.0,100.0,1.0,50.0,2.0,75.0,1.0,100.0,1.0
ADANIENT,2024,,,Industrials,Conglomerates,Large Cap,1.5,Sub Sector,Sub Sector: Conglomerates,1,100.0,1.0,100.0,Peer Leader,15,3254,3.4588,11.7993,7.9602,10.2376,1.8348,1.9197,0,2.7493,,0,70105.0,0.5305,-8455.0,10312.0,3.0921,High Quality,18767.0,19.4636,Capital Intensive,-74.3166,,363.0,,80427.0,34.6034,,19.0154,,5.7847,,47.182,,45.8106,,2.3412,,,INSUFFICIENT_DATA,,INSUFFICIENT_DATA,,INSUFFICIENT_DATA,+,-,+,Shareholder Returns,64.29,100.0,1.0,100.0,1.0,100.0,1.0,100.0,1.0,100.0,1.0,100.0,1.0,100.0,1.0,100.0,1.0,100.0,1.0,100.0,1.0,100.0,1.0,100.0,1.0,100.0,1.0,100.0,1.0,100.0,1.0
JIOFIN,2024,,,Financials,Diversified Financials,Mid Cap,0.38,Sub Sector,Sub Sector: Diversified Financials,2,81.82,1.0,100.0,Peer Leader,11,3854,86.5229,84.0431,1.1703,1.4496,1.1129,0.0,0,198.8,,0,-137439.0,0.0129,763.0,-678.0,-0.4224,Accrual Risk,1441.0,77.6819,Capital Intensive,48.9416,,216.0,,0.0,,INSUFFICIENT_DATA,,INSUFFICIENT_DATA,,INSUFFICIENT_DATA,,INSUFFICIENT_DATA,,INSUFFICIENT_DATA,,INSUFFICIENT_DATA,,INSUFFICIENT_DATA,,INSUFFICIENT_DATA,,INSUFFICIENT_DATA,-,+,-,Mixed,70.0,100.0,1.0,100.0,1.0,50.0,2.0,50.0,2.0,50.0,2.0,100.0,1.0,50.0,2.0,100.0,1.0,100.0,1.0,,2.0,,2.0,,2.0,,2.0,100.0,1.0,100.0,1.0
BAJAJFINSV,2024,,,Financials,Diversified Financials,Large Cap,2.12,Sub Sector,Sub Sector: Diversified Financials,2,76.67,2.0,50.0,Average,15,3365,14.1282,37.0405,22.8247,10.5638,2.594,4.6641,0,2.1971,,0,133425.0,0.1836,-79634.0,-68674.0,-4.4036,Accrual Risk,10960.0,9.9292,Capital Intensive,-194.7708,,428.0,,318675.0,22.1315,,20.9727,,33.7545,,28.4,,23.7478,,21.6842,,,INSUFFICIENT_DATA,,INSUFFICIENT_DATA,,INSUFFICIENT_DATA,-,-,+,Growth Funded by Debt,56.43,50.0,2.0,50.0,2.0,100.0,1.0,100.0,1.0,100.0,1.0,50.0,2.0,100.0,1.0,50.0,2.0,50.0,2.0,100.0,1.0,100.0,1.0,100.0,1.0,100.0,1.0,50.0,2.0,50.0,2.0
ATGL,2024,,,Energy,Gas Distribution,Large Cap,0.6,Sub Sector,Sub Sector: Gas Distribution,1,100.0,1.0,100.0,Peer Leader,13,3329,14.9274,24.6704,17.08,21.7213,9.7632,0.3725,0,10.5045,,0,535.0,0.654,,,,,,,,,,36.0,,1457.0,38.1834,,21.0886,,,INSUFFICIENT_DATA,12.9965,,23.8763,,,INSUFFICIENT_DATA,,INSUFFICIENT_DATA,,INSUFFICIENT_DATA,,INSUFFICIENT_DATA,0,0,0,Mixed,87.5,100.0,1.0,100.0,1.0,100.0,1.0,100.0,1.0,100.0,1.0,100.0,1.0,100.0,1.0,,1.0,,1.0,100.0,1.0,100.0,1.0,100.0,1.0,100.0,1.0,100.0,1.0,100.0,1.0
ADANIENSOL,2024,,,Energy,Power & Utilities,Large Cap,0.65,Sub Sector,Sub Sector: Power & Utilities,1,100.0,1.0,100.0,Peer Leader,15,3242,7.2018,34.3891,5.6993,10.5377,1.7306,1.8589,0,2.2848,,0,37401.0,0.2403,1095.0,6038.0,5.0485,High Quality,4943.0,29.7646,Capital Intensive,19.1735,,175.0,,39009.0,18.715,,17.8512,,,ZERO_BASE,-2.4904,,16.4297,,,ZERO_BASE,,INSUFFICIENT_DATA,,INSUFFICIENT_DATA,,INSUFFICIENT_DATA,+,-,-,Reinvestor,64.29,100.0,1.0,100.0,1.0,100.0,1.0,100.0,1.0,100.0,1.0,100.0,1.0,100.0,1.0,100.0,1.0,100.0,1.0,100.0,1.0,100.0,1.0,100.0,1.0,100.0,1.0,100.0,1.0,100.0,1.0
LODHA,2024,,,Real Estate,Real Estate,Large Cap,1.59,Sub Sector,Sub Sector: Real Estate,2,76.67,1.0,100.0,Peer Leader,15,3908,15.064,25.8337,8.546,10.3652,3.2795,0.4394,0,5.6286,,0,6530.0,0.2177,-435.0,2512.0,1.6165,High Quality,2947.0,28.5673,Capital Intensive,-16.3227,,183.0,,7990.0,23.7081,,-2.8279,,,INSUFFICIENT_DATA,218.7156,,-1.1197,,,INSUFFICIENT_DATA,,INSUFFICIENT_DATA,,INSUFFICIENT_DATA,,INSUFFICIENT_DATA,+,-,+,Shareholder Returns,67.86,50.0,2.0,50.0,2.0,100.0,1.0,100.0,1.0,50.0,2.0,50.0,2.0,100.0,1.0,100.0,1.0,50.0,2.0,100.0,1.0,100.0,1.0,100.0,1.0,50.0,2.0,100.0,1.0,50.0,2.0
DLF,2024,,,Real Estate,Real Estate,Large Cap,2.86,Sub Sector,Sub Sector: Real Estate,2,73.33,2.0,50.0,Average,15,3555,42.3837,33.0481,6.7716,5.964,4.3529,0.1066,0,7.4579,,0,-16610.0,0.1027,1010.0,2539.0,0.9321,Moderate,1529.0,23.7903,Capital Intensive,47.5518,,163.0,,4290.0,5.8839,,-5.1367,,-2.5227,,35.996,,15.6971,,16.5294,,,INSUFFICIENT_DATA,,INSUFFICIENT_DATA,,INSUFFICIENT_DATA,+,-,+,Mixed,65.71,100.0,1.0,100.0,1.0,50.0,2.0,50.0,2.0,100.0,1.0,100.0,1.0,50.0,2.0,50.0,2.0,100.0,1.0,50.0,2.0,50.0,2.0,50.0,2.0,100.0,1.0,50.0,2.0,100.0,1.0
TRENT,2024,,,Consumer Discretionary,Retail,Large Cap,0.73,Sub Sector,Sub Sector: Retail,2,85.71,1.0,100.0,Peer Leader,14,4280,11.9354,15.9273,31.5598,45.3849,17.8511,0.3936,0,8.0435,,0,325.0,1.4956,841.0,1349.0,0.9133,Moderate,508.0,4.1051,Moderate,42.6687,,132.0,,1842.0,68.3634,,36.3069,,18.158,,,TURNAROUND,73.1137,,,TURNAROUND,,INSUFFICIENT_DATA,,INSUFFICIENT_DATA,,INSUFFICIENT_DATA,+,-,-,Reinvestor,90.71,100.0,1.0,100.0,1.0,100.0,1.0,100.0,1.0,100.0,1.0,50.0,2.0,50.0,2.0,50.0,2.0,100.0,1.0,100.0,1.0,100.0,1.0,,2.0,100.0,1.0,100.0,1.0,50.0,2.0
DMART,2024,,,Consumer Discretionary,Retail,Large Cap,3.07,Sub Sector,Sub Sector: Retail,2,66.67,2.0,50.0,Average,15,3567,4.9932,8.0844,12.5931,20.3875,11.0069,0.0354,0,73.2931,,0,626.0,2.2044,278.0,2746.0,1.0828,High Quality,2468.0,4.8593,Moderate,6.7706,,309.0,,713.0,28.1326,,20.4831,,26.9103,,32.1449,,22.967,,31.7445,,,INSUFFICIENT_DATA,,INSUFFICIENT_DATA,,INSUFFICIENT_DATA,+,-,-,Reinvestor,85.71,50.0,2.0,50.0,2.0,50.0,2.0,50.0,2.0,50.0,2.0,100.0,1.0,100.0,1.0,100.0,1.0,50.0,2.0,50.0,2.0,50.0,2.0,100.0,1.0,50.0,2.0,50.0,2.0,100.0,1.0
RECLTD,2024,,,Financials,Speciality Finance,Large Cap,1.78,Sub Sector,Sub Sector: Speciality Finance,3,77.78,1.0,100.0,Peer Leader,15,4088,29.7683,100.7703,19.2423,8.6032,2.3764,6.5789,1,1.6005,,0,476827.0,0.0798,-59554.0,-57723.0,-4.0808,Accrual Risk,1831.0,3.8534,Moderate,-124.374,,279.0,,483617.0,10.1475,,13.338,,10.6812,,19.0751,,19.7631,,11.551,,,INSUFFICIENT_DATA,,INSUFFICIENT_DATA,,INSUFFICIENT_DATA,-,-,+,Growth Funded by Debt,52.86,100.0,1.0,100.0,1.0,66.66666666666666,2.0,100.0,1.0,66.66666666666666,2.0,100.0,1.0,66.66666666666666,2.0,33.33333333333333,3.0,66.66666666666666,2.0,66.66666666666666,2.0,66.66666666666666,2.0,100.0,1.0,66.66666666666666,2.0,66.66666666666666,2.0,100.0,1.0
IRFC,2024,,,Financials,Speciality Finance,Large Cap,4.33,Sub Sector,Sub Sector: Speciality Finance,3,68.89,2.0,66.67,Above Average,15,3828,24.0646,99.5046,12.459,5.8347,1.2971,7.8327,1,1.3195,,1,403055.0,0.0539,7906.0,7914.0,1.2342,High Quality,8.0,0.03,Asset Light,29.8193,,39.0,,403111.0,19.1019,,19.0674,,15.7027,,13.2369,,23.245,,24.775,,,INSUFFICIENT_DATA,,INSUFFICIENT_DATA,,INSUFFICIENT_DATA,+,-,-,Reinvestor,57.14,33.33333333333333,3.0,66.66666666666666,2.0,33.33333333333333,3.0,66.66666666666666,2.0,33.33333333333333,3.0,66.66666666666666,2.0,33.33333333333333,3.0,100.0,1.0,100.0,1.0,100.0,1.0,100.0,1.0,33.33333333333333,3.0,100.0,1.0,100.0,1.0,66.66666666666666,2.0
PFC,2024,,,Financials,Speciality Finance,Large Cap,2.15,Sub Sector,Sub Sector: Speciality Finance,3,53.33,3.0,33.33,Below Average,15,4040,28.9166,36.6886,24.0454,3.2966,2.3982,8.2733,1,0.5804,,1,897228.0,0.0829,-101229.0,-97820.0,-3.6968,Accrual Risk,3409.0,3.7254,Moderate,-301.5191,,333.0,,910447.0,8.4931,,11.0818,,15.6353,,18.9656,,15.9236,,17.0915,,,INSUFFICIENT_DATA,,INSUFFICIENT_DATA,,INSUFFICIENT_DATA,-,-,+,Growth Funded by Debt,49.29,66.66666666666666,2.0,33.33333333333333,3.0,100.0,1.0,33.33333333333333,3.0,100.0,1.0,33.33333333333333,3.0,100.0,1.0,66.66666666666666,2.0,33.33333333333333,3.0,33.33333333333333,3.0,33.33333333333333,3.0,66.66666666666666,2.0,33.33333333333333,3.0,33.33333333333333,3.0,33.33333333333333,3.0
